14 , 17 , 0 , 0 , 3 , 0 , 0 , 4 , 0 , 0 , 1 , 0 , 3 , 0 , 1 , 0 , 0 , 0 , 0 , 1 , 1 , 0 , 0 , 0 , 0 , 0 , 0 , 0 , 0 , 0 , 0 , 0 , 1 , 1 , 0 , 0 , 0 , 0 , 3
3 , 16 , 1 , 0 , 1 , 0 , 0 , 1 , 0 , 0 , 0 , 0 , 2 , 0 , 0 , 7 , 0 , 0 , 2 , 0 , 0 , 0 , 1 , 0 , 0 , 0 , 1 , 0 , 0 , 1 , 0 , 0 , 0 , 1 , 0 , 0 , 0 , 0 , 4
1 , 40 , 1 , 0 , 6 , 0 , 0 , 2 , 4 , 0 , 0 , 0 , 8 , 0 , 1 , 1 , 0 , 0 , 0 , 3 , 0 , 4 , 1 , 0 , 1 , 0 , 0 , 0 , 2 , 0 , 0 , 0 , 4 , 2 , 0 , 0 , 0 , 0 , 3
1 , 1 , 0 , 0 , 0 , 0 , 0 , 0 , 0 , 0 , 0 , 0 , 1 , 0 , 0 , 0 , 0 , 0 , 0 , 0 , 0 , 1 , 0 , 0 , 0 , 0 , 0 , 0 , 0 , 0 , 0 , 1 , 0 , 0 , 0 , 0 , 0 , 0 , 7
2 , 4 , 0 , 0 , 0 , 0 , 0 , 0 , 0 , 0 , 0 , 0 , 0 , 0 , 0 , 0 , 0 , 0 , 0 , 1 , 0 , 2 , 0 , 0 , 0 , 0 , 0 , 0 , 1 , 0 , 0 , 0 , 0 , 0 , 0 , 0 , 0 , 0 , 4
6 , 21 , 1 , 0 , 3 , 0 , 0 , 3 , 2 , 0 , 0 , 0 , 2 , 0 , 0 , 0 , 0 , 0 , 0 , 3 , 0 , 3 , 0 , 0 , 0 , 0 , 0 , 0 , 0 , 0 , 0 , 0 , 0 , 3 , 0 , 1 , 0 , 0 , 3
1 , 27 , 1 , 0 , 3 , 0 , 0 , 2 , 2 , 1 , 0 , 0 , 1 , 0 , 1 , 0 , 0 , 0 , 0 , 6 , 0 , 2 , 0 , 0 , 0 , 0 , 1 , 0 , 2 , 0 , 2 , 0 , 3 , 1 , 0 , 0 , 0 , 0 , 3
1 , 21 , 2 , 1 , 2 , 0 , 0 , 0 , 3 , 0 , 0 , 0 , 3 , 0 , 1 , 4 , 0 , 0 , 0 , 1 , 0 , 2 , 0 , 0 , 0 , 0 , 0 , 0 , 1 , 0 , 0 , 0 , 1 , 1 , 0 , 0 , 0 , 0 , 4
1 , 1 , 0 , 0 , 0 , 0 , 0 , 0 , 0 , 0 , 0 , 0 , 1 , 0 , 0 , 0 , 0 , 0 , 0 , 0 , 0 , 0 , 0 , 0 , 0 , 0 , 0 , 0 , 0 , 0 , 0 , 0 , 0 , 0 , 0 , 0 , 0 , 0 , 1
2 , 23 , 1 , 3 , 0 , 0 , 0 , 1 , 1 , 0 , 0 , 0 , 0 , 0 , 2 , 0 , 0 , 0 , 0 , 3 , 0 , 4 , 0 , 0 , 0 , 0 , 1 , 0 , 2 , 1 , 0 , 1 , 2 , 0 , 0 , 0 , 0 , 1 , 4
2 , 4 , 0 , 0 , 0 , 0 , 0 , 0 , 0 , 0 , 0 , 0 , 1 , 0 , 0 , 0 , 0 , 0 , 0 , 1 , 1 , 0 , 0 , 0 , 0 , 0 , 0 , 0 , 0 , 0 , 0 , 0 , 0 , 1 , 0 , 0 , 0 , 0 , 2
10 , 1 , 0 , 0 , 0 , 0 , 0 , 0 , 0 , 0 , 0 , 0 , 1 , 0 , 0 , 0 , 0 , 0 , 0 , 0 , 0 , 0 , 0 , 0 , 0 , 0 , 0 , 0 , 0 , 0 , 0 , 0 , 0 , 0 , 0 , 0 , 0 , 0 , 19
1 , 4 , 0 , 0 , 1 , 0 , 0 , 0 , 0 , 0 , 0 , 0 , 1 , 0 , 0 , 0 , 0 , 0 , 0 , 0 , 0 , 1 , 0 , 0 , 0 , 0 , 0 , 0 , 0 , 0 , 0 , 0 , 1 , 0 , 0 , 0 , 0 , 0 , 3
2 , 9 , 0 , 0 , 1 , 0 , 0 , 1 , 0 , 0 , 0 , 0 , 3 , 0 , 1 , 0 , 0 , 0 , 0 , 1 , 0 , 1 , 0 , 0 , 0 , 0 , 0 , 0 , 0 , 0 , 0 , 0 , 1 , 0 , 0 , 0 , 0 , 0 , 5
2 , 9 , 0 , 0 , 0 , 0 , 0 , 1 , 0 , 0 , 0 , 0 , 1 , 0 , 0 , 0 , 0 , 0 , 0 , 1 , 0 , 1 , 0 , 0 , 0 , 0 , 1 , 0 , 2 , 0 , 0 , 0 , 0 , 0 , 0 , 0 , 0 , 1 , 3
1 , 1 , 0 , 0 , 0 , 0 , 0 , 0 , 0 , 0 , 0 , 0 , 1 , 0 , 0 , 0 , 0 , 0 , 0 , 0 , 0 , 1 , 0 , 0 , 0 , 0 , 0 , 0 , 0 , 0 , 0 , 1 , 0 , 0 , 0 , 0 , 0 , 0 , 7
1 , 12 , 0 , 1 , 1 , 0 , 0 , 2 , 1 , 0 , 0 , 0 , 2 , 0 , 0 , 1 , 0 , 0 , 0 , 1 , 0 , 2 , 0 , 0 , 0 , 0 , 0 , 0 , 0 , 0 , 0 , 0 , 1 , 0 , 0 , 0 , 0 , 0 , 4
1 , 1 , 0 , 0 , 0 , 0 , 0 , 0 , 0 , 0 , 0 , 0 , 1 , 0 , 0 , 0 , 0 , 0 , 0 , 0 , 0 , 1 , 0 , 0 , 0 , 0 , 0 , 0 , 0 , 0 , 0 , 1 , 0 , 0 , 0 , 0 , 0 , 0 , 7
1 , 13 , 0 , 0 , 1 , 0 , 0 , 1 , 1 , 0 , 0 , 0 , 2 , 0 , 0 , 2 , 0 , 0 , 0 , 2 , 1 , 2 , 0 , 0 , 0 , 0 , 0 , 0 , 0 , 1 , 0 , 0 , 0 , 0 , 0 , 0 , 0 , 0 , 4
3 , 11 , 0 , 0 , 0 , 0 , 0 , 2 , 0 , 0 , 0 , 0 , 0 , 0 , 0 , 0 , 0 , 0 , 0 , 3 , 0 , 2 , 0 , 0 , 0 , 0 , 0 , 0 , 0 , 1 , 1 , 1 , 2 , 0 , 0 , 0 , 0 , 0 , 4
17 , 116 , 5 , 0 , 15 , 1 , 0 , 13 , 7 , 0 , 0 , 0 , 21 , 0 , 2 , 0 , 0 , 0 , 1 , 6 , 0 , 17 , 0 , 0 , 1 , 0 , 7 , 0 , 10 , 0 , 5 , 3 , 6 , 8 , 2 , 1 , 0 , 0 , 4
1 , 13 , 0 , 0 , 0 , 0 , 0 , 0 , 0 , 0 , 0 , 0 , 2 , 0 , 0 , 0 , 0 , 0 , 0 , 2 , 0 , 2 , 0 , 0 , 0 , 0 , 2 , 0 , 1 , 0 , 1 , 1 , 2 , 0 , 0 , 0 , 0 , 1 , 4
1 , 1 , 0 , 0 , 0 , 0 , 0 , 0 , 0 , 0 , 0 , 0 , 0 , 0 , 0 , 1 , 0 , 0 , 0 , 0 , 0 , 0 , 0 , 0 , 0 , 0 , 0 , 0 , 0 , 0 , 0 , 0 , 0 , 0 , 0 , 0 , 0 , 0 , 10
2 , 18 , 0 , 0 , 3 , 1 , 0 , 2 , 1 , 1 , 0 , 0 , 4 , 0 , 0 , 0 , 0 , 0 , 0 , 2 , 0 , 1 , 0 , 0 , 0 , 0 , 0 , 0 , 1 , 0 , 1 , 0 , 1 , 3 , 1 , 0 , 0 , 0 , 3
2 , 8 , 0 , 0 , 1 , 0 , 0 , 0 , 0 , 0 , 0 , 0 , 2 , 0 , 0 , 5 , 0 , 0 , 0 , 1 , 0 , 0 , 0 , 0 , 0 , 0 , 0 , 0 , 0 , 0 , 0 , 0 , 0 , 0 , 0 , 0 , 0 , 0 , 5
2 , 14 , 0 , 0 , 3 , 0 , 0 , 2 , 1 , 1 , 0 , 0 , 4 , 0 , 3 , 0 , 0 , 0 , 0 , 0 , 0 , 0 , 0 , 0 , 0 , 0 , 0 , 0 , 0 , 0 , 0 , 0 , 0 , 0 , 0 , 0 , 0 , 0 , 4
-1 , 33 , 1 , 0 , 6 , 0 , 0 , 3 , 2 , 0 , 0 , 0 , 6 , 0 , 1 , 0 , 0 , 0 , 0 , 3 , 0 , 2 , 0 , 0 , 0 , 0 , 1 , 0 , 2 , 0 , 1 , 0 , 3 , 1 , 0 , 0 , 0 , 1 , 3
7 , 20 , 0 , 0 , 3 , 0 , 0 , 1 , 0 , 0 , 0 , 0 , 2 , 0 , 3 , 0 , 0 , 0 , 0 , 1 , 1 , 2 , 0 , 0 , 0 , 0 , 0 , 0 , 3 , 0 , 0 , 1 , 1 , 2 , 0 , 1 , 0 , 0 , 4
1 , 10 , 0 , 0 , 0 , 0 , 0 , 2 , 0 , 0 , 0 , 0 , 2 , 0 , 0 , 0 , 0 , 0 , 0 , 3 , 0 , 0 , 0 , 0 , 0 , 0 , 0 , 1 , 1 , 0 , 0 , 0 , 0 , 1 , 0 , 0 , 0 , 0 , 3
1 , 4 , 0 , 0 , 0 , 0 , 0 , 0 , 0 , 0 , 0 , 0 , 0 , 0 , 0 , 1 , 0 , 0 , 0 , 0 , 0 , 1 , 0 , 0 , 0 , 0 , 0 , 0 , 0 , 0 , 1 , 0 , 0 , 1 , 0 , 0 , 0 , 0 , 5
0 , 21 , 0 , 0 , 4 , 0 , 0 , 5 , 1 , 0 , 0 , 0 , 6 , 0 , 1 , 2 , 0 , 0 , 0 , 0 , 0 , 0 , 0 , 0 , 0 , 0 , 1 , 0 , 1 , 0 , 0 , 0 , 0 , 0 , 0 , 0 , 0 , 0 , 4
2 , 1 , 0 , 0 , 0 , 0 , 0 , 0 , 0 , 0 , 0 , 0 , 1 , 0 , 0 , 0 , 0 , 0 , 0 , 0 , 0 , 1 , 0 , 0 , 0 , 0 , 0 , 0 , 0 , 0 , 0 , 1 , 0 , 0 , 0 , 0 , 0 , 0 , 7
2 , 5 , 0 , 0 , 0 , 0 , 0 , 0 , 0 , 0 , 0 , 0 , 0 , 0 , 0 , 1 , 0 , 0 , 0 , 2 , 0 , 1 , 0 , 0 , 0 , 0 , 0 , 0 , 0 , 0 , 0 , 0 , 1 , 0 , 0 , 0 , 0 , 0 , 4
1 , 2 , 0 , 0 , 0 , 0 , 0 , 0 , 0 , 0 , 0 , 0 , 3 , 0 , 0 , 1 , 0 , 0 , 0 , 0 , 0 , 0 , 0 , 0 , 0 , 0 , 0 , 0 , 0 , 0 , 0 , 0 , 0 , 0 , 0 , 0 , 0 , 0 , 22
1 , 1 , 0 , 0 , 0 , 0 , 0 , 0 , 0 , 0 , 0 , 0 , 0 , 0 , 1 , 0 , 0 , 0 , 0 , 0 , 0 , 0 , 0 , 0 , 0 , 0 , 0 , 0 , 0 , 0 , 0 , 0 , 0 , 0 , 0 , 0 , 0 , 0 , 7
1 , 1 , 0 , 0 , 0 , 0 , 0 , 0 , 0 , 0 , 0 , 0 , 1 , 0 , 0 , 0 , 0 , 0 , 0 , 0 , 0 , 1 , 0 , 0 , 0 , 0 , 0 , 0 , 0 , 0 , 0 , 1 , 0 , 0 , 0 , 0 , 0 , 0 , 7
1 , 7 , 0 , 1 , 0 , 0 , 0 , 1 , 1 , 0 , 0 , 0 , 0 , 0 , 1 , 1 , 0 , 0 , 0 , 0 , 1 , 0 , 0 , 0 , 0 , 0 , 0 , 0 , 0 , 0 , 0 , 0 , 1 , 0 , 0 , 0 , 0 , 0 , 4
2 , 17 , 0 , 0 , 0 , 0 , 0 , 1 , 0 , 0 , 0 , 0 , 2 , 0 , 0 , 1 , 0 , 0 , 0 , 5 , 1 , 1 , 0 , 0 , 0 , 0 , 1 , 0 , 2 , 3 , 0 , 0 , 1 , 0 , 0 , 0 , 0 , 0 , 3
1 , 5 , 0 , 0 , 1 , 0 , 0 , 1 , 0 , 1 , 0 , 0 , 1 , 0 , 0 , 1 , 0 , 0 , 0 , 0 , 0 , 2 , 0 , 0 , 0 , 0 , 0 , 0 , 0 , 0 , 0 , 0 , 0 , 0 , 0 , 0 , 0 , 0 , 5
1 , 1 , 0 , 0 , 0 , 0 , 0 , 0 , 0 , 0 , 0 , 0 , 1 , 0 , 0 , 0 , 0 , 0 , 0 , 0 , 0 , 1 , 0 , 0 , 0 , 0 , 0 , 0 , 0 , 0 , 0 , 1 , 0 , 0 , 0 , 0 , 0 , 0 , 7
1 , 45 , 3 , 2 , 1 , 0 , 0 , 6 , 1 , 0 , 0 , 0 , 4 , 0 , 2 , 0 , 0 , 0 , 0 , 10 , 0 , 3 , 0 , 0 , 0 , 0 , 1 , 0 , 2 , 4 , 1 , 0 , 5 , 0 , 0 , 1 , 0 , 1 , 4
3 , 15 , 0 , 0 , 1 , 0 , 0 , 1 , 1 , 0 , 0 , 0 , 3 , 0 , 0 , 2 , 0 , 0 , 0 , 1 , 1 , 1 , 0 , 0 , 0 , 0 , 1 , 0 , 3 , 0 , 0 , 0 , 0 , 0 , 0 , 0 , 0 , 0 , 3
2 , 46 , 2 , 2 , 3 , 0 , 0 , 4 , 2 , 0 , 0 , 0 , 7 , 0 , 0 , 2 , 0 , 0 , 0 , 7 , 0 , 3 , 0 , 0 , 0 , 0 , 2 , 0 , 2 , 0 , 2 , 1 , 1 , 5 , 0 , 1 , 0 , 0 , 3
1 , 77 , 2 , 2 , 5 , 0 , 0 , 11 , 2 , 0 , 0 , 0 , 13 , 0 , 4 , 1 , 0 , 0 , 0 , 8 , 1 , 7 , 0 , 0 , 0 , 0 , 1 , 0 , 7 , 1 , 1 , 6 , 3 , 4 , 0 , 0 , 0 , 0 , 4
4 , 1 , 0 , 0 , 0 , 0 , 0 , 0 , 0 , 0 , 0 , 0 , 0 , 0 , 0 , 0 , 0 , 0 , 0 , 0 , 0 , 0 , 0 , 0 , 0 , 0 , 0 , 1 , 0 , 0 , 0 , 0 , 0 , 0 , 0 , 0 , 0 , 0 , 3
0 , 12 , 1 , 1 , 0 , 0 , 0 , 1 , 0 , 0 , 0 , 0 , 2 , 0 , 0 , 2 , 0 , 0 , 0 , 1 , 0 , 2 , 0 , 0 , 0 , 0 , 0 , 0 , 1 , 1 , 0 , 0 , 0 , 0 , 0 , 0 , 0 , 0 , 4
2 , 6 , 0 , 0 , 0 , 0 , 0 , 0 , 0 , 0 , 0 , 0 , 4 , 0 , 0 , 3 , 0 , 0 , 0 , 0 , 0 , 0 , 0 , 1 , 0 , 0 , 0 , 0 , 0 , 0 , 0 , 0 , 0 , 1 , 0 , 0 , 0 , 0 , 7
3 , 31 , 2 , 0 , 3 , 0 , 0 , 3 , 1 , 0 , 0 , 0 , 1 , 0 , 2 , 4 , 0 , 0 , 0 , 3 , 0 , 4 , 0 , 0 , 1 , 0 , 0 , 0 , 1 , 1 , 0 , 2 , 4 , 1 , 0 , 0 , 0 , 1 , 4
1 , 40 , 2 , 1 , 4 , 0 , 0 , 5 , 2 , 0 , 1 , 0 , 6 , 0 , 1 , 5 , 0 , 0 , 2 , 2 , 0 , 4 , 0 , 0 , 0 , 0 , 1 , 0 , 3 , 0 , 0 , 1 , 1 , 1 , 0 , 0 , 0 , 0 , 4
1 , 9 , 1 , 0 , 0 , 0 , 0 , 1 , 0 , 0 , 0 , 0 , 0 , 0 , 0 , 2 , 0 , 0 , 0 , 2 , 0 , 0 , 0 , 0 , 0 , 0 , 0 , 0 , 0 , 0 , 1 , 1 , 1 , 0 , 0 , 0 , 0 , 0 , 3
1 , 73 , 0 , 6 , 5 , 0 , 0 , 11 , 4 , 0 , 0 , 0 , 13 , 0 , 5 , 2 , 0 , 0 , 0 , 4 , 4 , 5 , 0 , 0 , 0 , 0 , 3 , 0 , 1 , 6 , 1 , 1 , 0 , 0 , 0 , 0 , 0 , 0 , 4
1 , 32 , 2 , 1 , 3 , 0 , 0 , 0 , 8 , 1 , 0 , 0 , 1 , 0 , 1 , 10 , 0 , 0 , 0 , 1 , 0 , 2 , 0 , 0 , 0 , 0 , 0 , 1 , 0 , 0 , 0 , 0 , 1 , 1 , 0 , 0 , 0 , 0 , 4
1 , 52 , 2 , 1 , 5 , 1 , 0 , 6 , 2 , 0 , 0 , 0 , 4 , 0 , 2 , 1 , 0 , 0 , 0 , 9 , 0 , 2 , 0 , 0 , 1 , 0 , 3 , 0 , 4 , 6 , 0 , 1 , 1 , 0 , 0 , 0 , 0 , 1 , 3
2 , 38 , 0 , 0 , 4 , 0 , 0 , 2 , 6 , 0 , 1 , 0 , 6 , 0 , 1 , 0 , 0 , 0 , 0 , 2 , 0 , 5 , 0 , 0 , 0 , 0 , 2 , 0 , 3 , 1 , 2 , 1 , 0 , 1 , 0 , 0 , 0 , 1 , 5
19 , 13 , 0 , 0 , 2 , 0 , 0 , 2 , 1 , 0 , 0 , 0 , 1 , 0 , 0 , 3 , 0 , 0 , 0 , 1 , 0 , 1 , 0 , 0 , 0 , 0 , 0 , 0 , 0 , 1 , 0 , 1 , 0 , 0 , 0 , 0 , 0 , 0 , 4
2 , 51 , 1 , 0 , 5 , 0 , 0 , 5 , 1 , 0 , 0 , 0 , 13 , 0 , 0 , 1 , 0 , 0 , 0 , 2 , 4 , 2 , 0 , 0 , 1 , 0 , 2 , 0 , 2 , 3 , 0 , 2 , 2 , 2 , 0 , 2 , 0 , 0 , 4
2 , 154 , 6 , 0 , 11 , 1 , 0 , 10 , 14 , 0 , 0 , 0 , 23 , 0 , 8 , 0 , 0 , 0 , 0 , 20 , 4 , 16 , 0 , 0 , 0 , 0 , 3 , 0 , 9 , 6 , 5 , 3 , 8 , 7 , 2 , 0 , 0 , 3 , 4
2 , 7 , 0 , 0 , 1 , 0 , 0 , 1 , 1 , 0 , 0 , 0 , 1 , 0 , 0 , 0 , 0 , 0 , 0 , 1 , 0 , 1 , 0 , 0 , 0 , 0 , 0 , 0 , 0 , 0 , 0 , 1 , 0 , 1 , 0 , 0 , 0 , 0 , 4
1 , 110 , 6 , 2 , 7 , 0 , 0 , 9 , 13 , 2 , 0 , 0 , 14 , 0 , 12 , 3 , 0 , 0 , 0 , 6 , 1 , 10 , 1 , 0 , 0 , 0 , 4 , 0 , 8 , 1 , 2 , 2 , 5 , 0 , 1 , 0 , 0 , 2 , 4
1 , 7 , 0 , 1 , 1 , 0 , 0 , 0 , 0 , 0 , 1 , 0 , 1 , 0 , 0 , 0 , 0 , 0 , 0 , 1 , 0 , 0 , 0 , 0 , 0 , 0 , 0 , 0 , 2 , 0 , 0 , 0 , 0 , 0 , 0 , 0 , 0 , 0 , 3
1 , 4 , 0 , 0 , 0 , 0 , 0 , 1 , 0 , 0 , 0 , 0 , 0 , 0 , 0 , 0 , 0 , 0 , 0 , 1 , 0 , 0 , 0 , 0 , 0 , 0 , 0 , 0 , 0 , 0 , 1 , 0 , 1 , 0 , 0 , 1 , 0 , 0 , 5
41 , 31 , 0 , 0 , 3 , 0 , 0 , 3 , 0 , 0 , 0 , 0 , 9 , 0 , 0 , 2 , 0 , 0 , 0 , 3 , 0 , 2 , 0 , 0 , 0 , 0 , 1 , 0 , 5 , 0 , 1 , 0 , 0 , 0 , 0 , 0 , 0 , 0 , 4
5 , 62 , 6 , 2 , 8 , 0 , 0 , 5 , 6 , 1 , 0 , 0 , 19 , 0 , 2 , 8 , 0 , 0 , 4 , 3 , 2 , 6 , 0 , 1 , 0 , 0 , 1 , 0 , 1 , 1 , 0 , 2 , 3 , 2 , 0 , 0 , 0 , 0 , 6
4 , 35 , 0 , 0 , 5 , 0 , 0 , 5 , 2 , 0 , 0 , 0 , 9 , 0 , 0 , 0 , 0 , 0 , 0 , 3 , 0 , 3 , 1 , 0 , 1 , 0 , 1 , 0 , 3 , 1 , 1 , 0 , 0 , 1 , 0 , 0 , 0 , 0 , 4
10 , 7 , 0 , 0 , 1 , 0 , 0 , 0 , 0 , 0 , 0 , 0 , 0 , 0 , 0 , 0 , 0 , 0 , 0 , 1 , 0 , 2 , 0 , 0 , 0 , 0 , 1 , 0 , 2 , 0 , 1 , 0 , 1 , 0 , 0 , 0 , 0 , 0 , 5
1 , 3 , 0 , 0 , 0 , 0 , 0 , 0 , 1 , 0 , 0 , 0 , 0 , 0 , 1 , 0 , 0 , 0 , 0 , 0 , 0 , 1 , 0 , 0 , 0 , 0 , 0 , 0 , 0 , 0 , 0 , 0 , 0 , 0 , 0 , 0 , 0 , 0 , 4
1 , 2 , 0 , 0 , 0 , 0 , 0 , 0 , 0 , 0 , 0 , 0 , 0 , 0 , 0 , 2 , 0 , 0 , 0 , 0 , 0 , 0 , 0 , 0 , 0 , 0 , 0 , 0 , 0 , 0 , 0 , 0 , 0 , 0 , 0 , 0 , 0 , 0 , 5
1 , 6 , 0 , 0 , 0 , 0 , 0 , 1 , 0 , 0 , 0 , 0 , 1 , 0 , 1 , 1 , 0 , 0 , 0 , 0 , 0 , 1 , 0 , 0 , 0 , 0 , 1 , 0 , 0 , 0 , 0 , 0 , 0 , 0 , 0 , 0 , 0 , 0 , 3
3 , 3 , 0 , 0 , 0 , 0 , 0 , 1 , 0 , 0 , 0 , 0 , 0 , 0 , 0 , 1 , 0 , 0 , 0 , 0 , 0 , 0 , 0 , 0 , 0 , 0 , 0 , 0 , 0 , 0 , 0 , 0 , 1 , 0 , 0 , 0 , 0 , 0 , 3
1 , 9 , 1 , 0 , 0 , 0 , 0 , 1 , 1 , 1 , 0 , 0 , 1 , 0 , 1 , 0 , 0 , 0 , 0 , 1 , 0 , 1 , 0 , 0 , 0 , 0 , 0 , 0 , 0 , 0 , 1 , 0 , 0 , 0 , 0 , 0 , 0 , 0 , 3
1 , 22 , 0 , 0 , 3 , 0 , 0 , 0 , 2 , 0 , 0 , 0 , 3 , 0 , 0 , 1 , 0 , 0 , 0 , 4 , 0 , 2 , 0 , 0 , 0 , 0 , 1 , 0 , 3 , 0 , 0 , 0 , 1 , 1 , 0 , 0 , 0 , 0 , 3
14 , 17 , 1 , 0 , 0 , 0 , 0 , 2 , 1 , 0 , 0 , 0 , 1 , 0 , 0 , 2 , 0 , 0 , 0 , 4 , 0 , 1 , 0 , 0 , 0 , 0 , 0 , 0 , 0 , 2 , 2 , 0 , 2 , 0 , 0 , 0 , 0 , 0 , 4
1 , 35 , 1 , 0 , 1 , 0 , 0 , 1 , 4 , 0 , 0 , 0 , 3 , 0 , 1 , 2 , 0 , 0 , 0 , 4 , 0 , 3 , 1 , 0 , 0 , 0 , 1 , 0 , 0 , 1 , 2 , 4 , 0 , 5 , 1 , 0 , 0 , 0 , 4
2 , 2 , 0 , 0 , 0 , 0 , 0 , 0 , 0 , 0 , 0 , 0 , 1 , 0 , 0 , 0 , 0 , 0 , 0 , 0 , 0 , 0 , 0 , 0 , 0 , 0 , 0 , 1 , 0 , 0 , 0 , 0 , 0 , 0 , 0 , 0 , 0 , 0 , 4
1 , 20 , 3 , 0 , 2 , 0 , 0 , 1 , 2 , 0 , 0 , 0 , 6 , 0 , 0 , 0 , 0 , 0 , 0 , 1 , 0 , 0 , 0 , 0 , 0 , 0 , 1 , 0 , 0 , 0 , 0 , 0 , 1 , 1 , 0 , 0 , 0 , 0 , 3
1 , 19 , 1 , 0 , 1 , 0 , 0 , 2 , 1 , 0 , 0 , 0 , 2 , 0 , 0 , 7 , 0 , 0 , 0 , 2 , 0 , 2 , 0 , 0 , 0 , 0 , 0 , 0 , 0 , 0 , 0 , 1 , 1 , 1 , 0 , 0 , 0 , 0 , 5
3 , 1 , 0 , 0 , 0 , 0 , 0 , 0 , 0 , 0 , 0 , 0 , 2 , 0 , 0 , 0 , 0 , 0 , 0 , 0 , 0 , 0 , 0 , 0 , 0 , 0 , 0 , 0 , 0 , 0 , 0 , 0 , 0 , 0 , 0 , 0 , 0 , 0 , 23
1 , 8 , 0 , 0 , 1 , 0 , 0 , 1 , 0 , 0 , 0 , 0 , 2 , 0 , 2 , 0 , 0 , 0 , 0 , 0 , 0 , 0 , 0 , 0 , 0 , 0 , 1 , 0 , 0 , 0 , 1 , 0 , 0 , 0 , 0 , 0 , 0 , 0 , 3
1 , 72 , 4 , 2 , 5 , 0 , 0 , 10 , 8 , 1 , 0 , 0 , 9 , 0 , 1 , 5 , 0 , 0 , 0 , 8 , 2 , 4 , 0 , 0 , 0 , 0 , 1 , 0 , 2 , 0 , 3 , 2 , 7 , 1 , 0 , 0 , 0 , 1 , 3
-1 , 18 , 1 , 0 , 2 , 0 , 0 , 1 , 4 , 0 , 0 , 0 , 2 , 0 , 1 , 0 , 0 , 0 , 0 , 1 , 0 , 0 , 0 , 0 , 0 , 0 , 1 , 0 , 1 , 1 , 0 , 0 , 0 , 1 , 0 , 0 , 0 , 0 , 2
1 , 22 , 0 , 0 , 3 , 1 , 0 , 1 , 1 , 0 , 0 , 0 , 2 , 0 , 2 , 0 , 0 , 1 , 0 , 0 , 1 , 5 , 0 , 0 , 0 , 0 , 0 , 0 , 2 , 0 , 2 , 0 , 0 , 2 , 0 , 0 , 0 , 0 , 4
1 , 8 , 1 , 0 , 0 , 0 , 0 , 1 , 0 , 0 , 0 , 0 , 3 , 0 , 1 , 2 , 0 , 0 , 1 , 0 , 0 , 0 , 0 , 0 , 0 , 0 , 0 , 0 , 0 , 0 , 0 , 0 , 0 , 0 , 0 , 0 , 0 , 0 , 5
3 , 43 , 2 , 0 , 4 , 0 , 0 , 5 , 1 , 0 , 1 , 0 , 9 , 0 , 0 , 1 , 0 , 0 , 0 , 5 , 0 , 4 , 0 , 0 , 2 , 0 , 2 , 0 , 3 , 0 , 1 , 1 , 2 , 0 , 0 , 0 , 0 , 2 , 4
2 , 11 , 0 , 0 , 1 , 0 , 0 , 0 , 1 , 1 , 0 , 0 , 3 , 0 , 0 , 1 , 0 , 0 , 0 , 1 , 0 , 0 , 0 , 0 , 0 , 0 , 1 , 0 , 2 , 0 , 0 , 0 , 0 , 0 , 0 , 0 , 0 , 0 , 4
1 , 12 , 0 , 0 , 1 , 0 , 0 , 1 , 0 , 0 , 0 , 0 , 1 , 0 , 1 , 0 , 0 , 0 , 0 , 2 , 2 , 1 , 0 , 0 , 0 , 0 , 0 , 0 , 0 , 0 , 1 , 0 , 2 , 0 , 0 , 0 , 0 , 0 , 3
-1 , 3 , 0 , 0 , 1 , 0 , 0 , 0 , 0 , 0 , 0 , 0 , 1 , 0 , 0 , 1 , 0 , 0 , 0 , 0 , 0 , 0 , 0 , 0 , 0 , 0 , 0 , 0 , 0 , 0 , 0 , 0 , 0 , 0 , 0 , 0 , 0 , 0 , 4
1 , 1 , 0 , 0 , 0 , 0 , 0 , 0 , 0 , 0 , 0 , 0 , 1 , 0 , 0 , 0 , 0 , 0 , 0 , 0 , 0 , 0 , 0 , 0 , 0 , 0 , 0 , 0 , 0 , 0 , 0 , 0 , 0 , 0 , 0 , 0 , 0 , 0 , 24
2 , 21 , 0 , 2 , 3 , 0 , 0 , 3 , 0 , 0 , 0 , 0 , 6 , 0 , 0 , 1 , 0 , 0 , 0 , 4 , 0 , 0 , 0 , 0 , 0 , 0 , 0 , 0 , 0 , 0 , 1 , 0 , 1 , 0 , 0 , 0 , 0 , 0 , 4
5 , 6 , 0 , 0 , 0 , 0 , 0 , 0 , 0 , 0 , 0 , 0 , 3 , 0 , 0 , 6 , 0 , 0 , 0 , 0 , 0 , 0 , 0 , 0 , 0 , 0 , 0 , 0 , 1 , 0 , 0 , 0 , 0 , 1 , 0 , 0 , 0 , 0 , 10
9 , 27 , 0 , 0 , 4 , 0 , 0 , 2 , 2 , 0 , 0 , 0 , 6 , 0 , 0 , 0 , 0 , 0 , 0 , 3 , 0 , 4 , 0 , 0 , 0 , 0 , 0 , 0 , 2 , 2 , 1 , 0 , 0 , 2 , 0 , 0 , 0 , 1 , 3
5 , 9 , 0 , 1 , 1 , 0 , 0 , 2 , 0 , 0 , 0 , 0 , 1 , 0 , 1 , 0 , 0 , 0 , 0 , 0 , 1 , 0 , 0 , 0 , 0 , 0 , 0 , 0 , 0 , 1 , 0 , 1 , 0 , 0 , 0 , 0 , 0 , 0 , 3
3 , 46 , 5 , 0 , 6 , 1 , 0 , 6 , 4 , 0 , 0 , 0 , 11 , 0 , 1 , 1 , 0 , 0 , 0 , 3 , 0 , 2 , 0 , 0 , 1 , 0 , 0 , 0 , 2 , 1 , 0 , 1 , 1 , 3 , 0 , 0 , 0 , 0 , 4
2 , 9 , 0 , 0 , 1 , 0 , 0 , 0 , 1 , 0 , 0 , 0 , 1 , 0 , 1 , 0 , 0 , 0 , 0 , 1 , 0 , 2 , 0 , 0 , 0 , 0 , 0 , 0 , 0 , 1 , 0 , 0 , 0 , 0 , 0 , 0 , 0 , 0 , 5
1 , 22 , 0 , 0 , 2 , 0 , 0 , 2 , 1 , 0 , 0 , 0 , 5 , 0 , 1 , 3 , 0 , 0 , 0 , 0 , 0 , 1 , 0 , 0 , 1 , 0 , 2 , 0 , 3 , 0 , 0 , 0 , 0 , 0 , 0 , 0 , 0 , 0 , 4
18 , 3 , 0 , 0 , 1 , 0 , 0 , 0 , 1 , 1 , 0 , 0 , 0 , 0 , 0 , 0 , 0 , 0 , 0 , 0 , 0 , 0 , 0 , 0 , 0 , 0 , 0 , 0 , 0 , 0 , 0 , 0 , 0 , 0 , 0 , 0 , 0 , 0 , 4
1 , 4 , 0 , 0 , 0 , 0 , 0 , 1 , 0 , 0 , 0 , 0 , 1 , 0 , 1 , 0 , 0 , 0 , 0 , 0 , 0 , 0 , 0 , 0 , 0 , 0 , 0 , 0 , 0 , 0 , 0 , 0 , 0 , 0 , 0 , 1 , 0 , 0 , 3
1 , 7 , 0 , 0 , 0 , 0 , 0 , 0 , 0 , 0 , 0 , 0 , 0 , 0 , 0 , 0 , 0 , 0 , 0 , 2 , 0 , 1 , 0 , 0 , 0 , 0 , 1 , 0 , 1 , 0 , 0 , 0 , 1 , 1 , 0 , 0 , 0 , 0 , 3
2 , 383 , 37 , 10 , 34 , 1 , 4 , 47 , 63 , 1 , 0 , 0 , 137 , 0 , 19 , 71 , 3 , 0 , 0 , 2 , 3 , 18 , 1 , 0 , 0 , 0 , 8 , 0 , 11 , 11 , 4 , 8 , 3 , 10 , 3 , 0 , 0 , 1 , 7
1 , 16 , 1 , 0 , 2 , 0 , 0 , 1 , 1 , 0 , 0 , 0 , 2 , 0 , 0 , 0 , 0 , 0 , 0 , 1 , 0 , 1 , 0 , 0 , 1 , 0 , 1 , 0 , 1 , 2 , 0 , 1 , 0 , 0 , 0 , 0 , 0 , 0 , 3
2 , 4 , 0 , 0 , 0 , 0 , 0 , 0 , 0 , 0 , 0 , 0 , 1 , 0 , 0 , 0 , 0 , 0 , 0 , 1 , 1 , 0 , 0 , 0 , 0 , 0 , 0 , 0 , 0 , 0 , 0 , 0 , 1 , 0 , 0 , 0 , 0 , 0 , 4
